"","x_1","x_2","x_3","x_4","x_5","x_6","x_7","x_8","x_10","x_11"
"1",15.7957225960685,20.0058686898767,10337.7377370878,4,64.4587005851366,51.2730068009928,4.50180364375008,2.65692997040598,8.27314922599944,51.3645935298233
"2",26.9217967173929,30.1104538808932,32434.6112093351,1,104.071256459316,79.6627401462893,104.909904063225,3.19030390343553,17.2232439422044,377.652108495154
"3",13.7225406868617,18.6850393585729,8890.63290266297,1,52.0167283988895,42.6704750893437,52.6645101739262,2.4903862714976,-16.4402385943692,399.972987415536
"4",20.3507138321366,23.4894257713652,4089.14013009469,2,77.7723656925355,63.3579056483013,64.0977272238956,3.09435476489411,-10.7905116549679,326.825500775155
"5",28.5572043635119,29.9785770091397,29738.1190855029,2,113.187570184387,85.1896948191132,85.1996333819421,3.27599027142658,20.249011031631,328.637576804041
"6",16.9854600927267,19.1884388215661,6282.51113503025,4,72.2649937091439,54.2628900191369,3.67564555029023,2.61431930820908,-8.59549130523792,69.7711023776159
"7",17.6391680741653,21.8635219564988,8656.56892277898,1,69.2145006285002,56.4741959645089,69.0945028293906,3.02487394049114,1.74027710368078,0.821623787324043
"8",16.8231434373786,19.4578098773754,11002.4374771377,3,69.9739005902519,58.6015726312247,2.23536854918531,2.94031863307159,-3.03658669964816,18.6532171297356
"9",18.5711318256692,21.4085415454154,9196.77770076208,4,73.2134676532284,53.2265632042545,3.32108702766889,2.90231736736707,8.9508669872014,60.0947611439448
"10",20.6905411240196,24.2510203033974,9572.27305826533,1,85.2824698069695,67.0095690089471,85.0443988579227,3.34800403553837,0.907168782562679,3.07034201946708
"11",26.1381517192673,28.2774260900576,15863.6863872859,3,101.924093721528,79.0006598049674,4.75499558044777,3.42490703650765,-0.967839798495077,11.154097145387
"12",15.9911027267359,20.2297372185552,12720.6635938186,2,65.0055917401893,44.471041744277,46.4571115251268,2.70942506442302,-22.2335041135763,466.662364033465
"13",14.598036999863,18.3654727490219,2742.00323906414,2,60.3807644727226,43.63235182993,44.4923389886449,3.22141888661876,-2.9114015838947,11.0792041846767
"14",19.2123282194656,21.1249191136114,6129.09370494537,4,80.5201866700316,58.9727788952275,3.30026217598269,3.13153541816255,-11.9006469170109,136.99470424181
"15",14.6411998006104,17.7087035732832,2213.5571740201,3,58.9563516002856,43.3241629820613,1.44375204230319,2.6915778492835,2.86512204260115,40.292339163692
"16",19.3050692972508,23.9102098622712,8246.2386294816,3,77.2051302213193,64.1777147660408,2.6347588106458,2.9781048566473,-3.68306156122125,40.9872249209585
"17",17.0134345264354,21.2456639564493,6918.47112550152,1,69.3484832667268,52.7433547796942,70.0547503576303,2.91393359422415,2.49581506914904,14.5295263838138
"18",9.08016619954207,11.701052404831,3402.36545305529,1,34.290511647048,30.1755062148647,33.6509921329075,2.24269435067593,8.41324251780911,80.9028691467391
"19",21.2040862796835,22.8542196959441,15017.8642344229,2,86.1116896654973,66.8209173250106,67.2765031565159,2.88733966182699,3.29463376221918,20.3198610593874
"20",18.7032229663287,22.0681410659662,4996.77494374701,1,73.468754899849,52.0937263136693,74.1927595012997,2.82539097112616,0.715186920355745,5.54707995997516
"21",24.5025597266663,27.1389648020664,13620.9056320158,2,99.7848854918494,76.2939947260054,76.9411367679119,3.17273593812737,-15.6189510986779,196.957891801282
"22",24.7093469693387,29.0840002939448,19782.0378934476,4,104.185335385742,78.1407529388657,4.14426727487814,3.12240333488188,-0.0496586754229964,2.79974984658798
"23",27.3398095170985,30.6317052543612,38897.9292103424,1,111.124194376717,86.1244000435244,111.313929582488,3.3326182060688,5.31243693731214,49.4466023799799
"24",23.5338054477896,27.2443971580617,18956.176132217,3,100.14231084479,71.4582344796063,2.31883392551542,3.56041091321035,-9.44605120690278,111.197579582951
"25",24.0950446513108,26.1572837317686,26964.6157048851,1,95.2322489494977,69.4901131757115,94.5508570260541,3.18346254074106,-8.65758033324875,95.4052776005366
"26",18.5325907564877,20.4185276290596,22472.7050181477,4,73.4388470050631,49.9581140358206,2.30085652642739,2.93594002320536,6.69895078155526,48.1757266119258
"27",27.0929453624297,30.7273173176317,17752.7644853348,4,106.091888850966,77.8962737208757,4.59240350841514,3.13715298314026,-2.50545457800971,9.62618558150974
"28",27.4938691370324,30.2626762349617,32449.1558681127,4,109.342566301229,80.7910905043629,3.58277546999212,3.28076875813104,-1.859881990441,6.15313533793838
"29",16.7145895275717,18.3463953240258,3801.25485020483,3,63.4959814015078,54.7554464475524,1.89069908419812,2.56505658491369,-21.676837860531,336.487212649621
"30",15.73602279999,17.9811153537893,10408.2891011622,3,61.0499702856812,54.0053882915733,2.81009335372543,2.87927253506907,28.950474721299,906.935391320226
"31",21.5795751918073,23.4539785432649,11996.2692548154,1,86.1693070916597,60.8515628926697,86.596985636075,3.10576805792442,7.20788772102019,35.557567889209
"32",25.5484708382943,28.3291115910235,19130.6331603969,4,102.425318492164,76.274246971051,3.23704919279911,2.9159335916305,-3.9391275522807,21.3396780328747
"33",31.0773028583902,33.9429949066945,39995.9896751707,3,123.285708723966,92.2979102678645,2.8055816398224,3.34812310126447,-7.75918919145975,105.461066093581
"34",26.0855181947867,28.2674975837475,29869.2694004046,4,104.502076379063,75.5936016955655,3.43543571832761,3.02596473744721,0.832050986371055,19.138680816798
"35",27.3961089331914,30.8684430898587,47595.2884022274,4,107.558528977409,83.2791652391232,3.12622020298374,3.33473176611298,0.307740606664909,10.1864552469515
"36",24.7578691620893,26.8886130321172,22797.2147124729,1,98.8160778031395,71.2794632862686,98.9580620667299,3.37346220175852,8.00218615634028,74.7938689060269
"37",14.9523367701872,16.6200484287178,6279.23050655193,2,60.4692553982537,45.4536073406858,46.5999651774206,3.06728140019485,-19.1670406858369,420.990133185782
"38",9.99763630681023,13.0681991765147,1934.40596983442,4,36.7209656060858,32.3139643033292,2.9541356044626,1.94422769559138,5.02061263652042,33.4381521935191
"39",11.1890706377397,14.6531638241013,2426.30171099076,4,47.4717477890728,30.7544900571954,3.09425522929989,2.48694392067057,15.9586834372089,210.948320262995
"40",19.2869593702247,22.5761178694602,4515.87494622179,4,79.7107585987326,59.8383735579711,2.9508316063722,2.91583409817247,14.3555121503542,178.193440916107
"41",27.7503018474156,27.8653607645062,15930.0303739991,2,109.48075845524,82.8797743791443,81.5482341374718,3.21302395503446,14.0030102548492,221.412172664559
"42",15.9878840914261,16.6531923161874,12423.254700758,2,64.1697725535159,50.7750064114576,51.2738605518706,2.66329033842331,-13.7612567339122,119.761370062923
"43",19.6271054005866,20.8962143539099,11001.5022937991,4,82.197994059172,58.0107553973037,3.65113671333437,2.90435466375757,-3.81751926319897,2.74609456471455
"44",29.4783397736123,33.3033493599942,43583.61138172,4,123.766700721375,87.392486043304,4.62336713604875,3.41327988254342,4.50254879241548,62.1362468850652
"45",17.7171552953978,19.6721157442807,8547.28198294481,4,65.8485706287486,46.9002269310106,2.68258626099636,3.02240996143889,-0.926656977616336,5.95494835964739
"46",22.8111168132151,24.9339234392968,21605.1537174977,2,89.6864383780842,68.5832267624747,68.6706063586248,3.12836843518291,0.167032797966427,7.68391157707741
"47",15.5649574424429,18.1645676002913,9817.42628945739,2,63.3971810718483,49.8476718711497,49.5310387520535,2.71234512900517,-25.5680316598157,535.936916130439
"48",17.6987771190241,19.4305881467946,8699.1160896433,4,69.8156261401354,51.4999009808304,3.78028851774012,2.73648825356509,14.1002031038194,154.185258315357
"49",16.3783575696626,19.5169439602623,1392.65811880391,4,65.5425391244954,50.4382692970075,2.79062185270399,2.80339807691848,10.7704594118717,60.9439818640327
"50",19.6539442208294,23.8375158251576,23051.1242103551,4,78.057678807183,60.6941117904746,3.12266580522107,2.99167969538033,8.81381933189148,121.237234760417
"51",27.3162428147434,28.2056877417559,20758.6081832175,1,106.294476980029,82.9509824576218,107.983426575714,3.24892465813164,13.4334895481983,269.320920737423
"52",20.9386304871657,24.1993065967025,10005.3537960701,2,83.4720661341012,59.5346463197259,59.3605619017228,3.02048133956537,0.598209105980529,0.0429366971670647
"53",25.1101143066542,29.0556811323479,11643.0300547853,4,99.0199380908031,76.9104453897501,4.46517049543016,3.28213286411123,5.11695495189925,6.11258348862428
"54",17.0408258352448,19.4208652154591,5957.70011992424,3,61.4735926572317,55.5015152933571,2.17695667921581,2.83441492235119,-1.67586626286164,12.6835556104726
"55",19.4389967248193,22.4298959853289,11207.5306442969,2,77.2731559544011,53.6023570514544,53.2346521496052,3.22356094500085,7.79625607937362,34.9018285358095
"56",15.3752345706716,18.8954599934211,4557.92988734218,1,63.2205183048629,45.1633807569437,65.0280494102625,2.55075046511011,-7.34401000176484,44.6927556872829
"57",23.7665239914776,28.5727826993684,10197.8550806928,1,99.0763483972908,70.9036891570195,99.1355312150209,3.31614396424175,5.87040417624445,26.1676027650908
"58",19.4369546489848,20.5244347510646,11574.1098336546,1,80.764107126153,54.80850456819,80.7568733704498,2.99291790901523,5.15721101945529,21.5456087179084
"59",19.679545358901,22.8788274339733,12642.3230576252,3,80.5702775968849,61.1600412246756,3.75961074446636,3.19851763758367,-2.68272777013565,10.8871054167463
"60",21.1663764677288,24.4428614207671,25877.2147611698,2,85.2685840463594,69.8186426349311,69.7890037753547,2.81251575097557,-5.20092866794242,15.7238254617378
"61",14.3170859842575,16.4808095568992,4860.28588214011,4,59.9002760702117,41.5160659744365,1.69343905990815,2.70764226789817,-5.6712609670125,29.0949177201524
"62",24.2741521156423,29.3037495305268,11306.140548759,3,101.577465336702,67.7931699483374,3.49909061674972,3.13228592362249,0.228122340478812,10.1493668327621
"63",17.1081479051907,20.5372538917519,5415.74344949271,1,71.8857158453054,49.1866123444002,71.1871612713939,2.66940906057085,3.42185367516352,4.63305865107494
"64",22.4818076951508,26.5457555612167,14251.9094687437,4,91.5641922121323,61.0774761116632,3.14665878089943,3.21329664253498,-3.00705524204398,0.0374508747123899
"65",16.1997103469411,18.593887293854,8138.49856699234,2,69.5381888574494,47.7452980624323,47.3374959969208,2.79531545947682,1.00057003802542,0.00159473060975342
"66",18.2930686480029,22.3674416937859,11746.3783576021,2,73.8233967416557,55.8164715582275,56.1651460501219,2.86493799216337,-21.6143444907558,563.189823999687
"67",9.48835439761099,11.7760067577151,683.518473792879,2,35.1355709662778,32.8893474397908,33.0637480351571,2.41265911039301,7.50324141294314,35.0783158339642
"68",18.4914885931555,21.312628460255,7174.20696977932,1,71.2024694466534,50.0811070212522,71.6250377037271,2.97660487822765,-11.1031643521849,146.903780639917
"69",13.638082789094,17.1378428281275,5940.03387619956,4,53.0004104503788,41.0503087631424,4.31000259220742,2.64050485786895,8.39715986758684,19.362131367809
"70",18.6016694509539,21.4020983103792,4648.79824261672,2,70.5822049410399,55.5080760775829,55.551804289855,3.02200368825705,-5.56615315377804,82.2116496611154
"71",18.9795133959021,22.06940820043,13143.1061890771,1,78.6405020261717,57.1256260986684,78.5586614588965,2.94188260919851,0.0661698066015698,3.84721647276549
"72",18.8719290724132,22.876839130709,12073.6778377106,2,75.105416366756,53.0536143427484,53.3203503032729,3.08289775556161,9.70465521841426,127.236487048563
"73",21.7351422601105,22.8622005875186,9494.40428212289,1,87.5952276943424,68.5286402483737,86.7541517307833,3.14726592425784,9.02759134766182,115.150986598771
"74",20.1618392129896,23.6866237493914,14039.9721843484,4,82.6878056146613,58.7105688683414,2.73117471051908,2.97999624395623,-13.0945163047335,199.971885258092
"75",22.067656448359,24.5530291112621,22587.6282310462,4,82.6059283856607,66.2421789505848,3.25407594238325,3.31353401666228,-18.4772866404592,274.434908797506
"76",19.2232576168731,23.4341901864653,14226.2375876968,2,74.2917487018804,57.6890614636242,57.6344207785942,3.05748983770493,-0.78202776551257,0.168695601657543
"77",24.8674269624152,27.3546315853154,5583.9476382795,3,97.1142946503976,76.0893688477762,4.56233190467658,3.26965256840234,12.6213969620041,155.728625727432
"78",20.6054507138674,24.6960763659527,10472.7388039962,4,85.2041387552703,56.8069769831202,3.22179970109084,3.19756894173505,-16.447984892174,301.613085071704
"79",20.9458684573873,24.4377133531241,23152.2883843169,4,85.3411379581596,63.778490275398,2.52275802221619,2.91585288243159,22.1987763765085,615.503356362121
"80",17.1855746508702,19.9429456791829,2836.29094246799,1,73.7711393930381,47.9340939563638,72.5205492437721,2.78659099513555,-5.99402531143589,16.982667161155
"81",22.4920808250067,27.6081280726109,11555.4813715858,2,85.33768698161,59.2422381558027,58.2567170834158,3.03486757286719,-3.59234450109641,24.8303463340126
"82",11.2884875331845,15.4771271059738,2772.61003862679,4,45.6011236015028,31.5948514968682,3.1937860422255,2.16989762074199,8.35710362935356,44.0325107957118
"83",24.8776454860184,28.7729066767076,19253.3122875238,4,98.672208319737,81.8421806907803,2.26883976822334,3.10244730241532,-6.00643757610189,6.07480141722249
"84",19.8795856363178,23.748126273387,9690.46701216557,3,79.9556755005096,60.2595956857359,4.42451266801893,3.12656068247624,0.955360036987889,0.751555271859104
"85",23.3784223765704,28.0346003417437,15029.5102853675,2,92.7587957327227,68.8511681640965,69.0011463681574,3.26393568758825,6.99332191875015,56.4357703872843
"86",16.448451974733,20.8940879669868,18865.8629361581,4,66.796061596446,50.2290332116073,1.90257631419441,2.65891091631746,3.22558624997728,5.17656296064549
"87",31.936163231887,35.6807636589947,16695.5289461574,1,127.240802585053,94.7200267432901,126.910088804888,3.40276655080502,9.60425775555365,69.0988450846084
"88",17.6328399390177,19.9426497210064,14863.5128832381,1,68.9054238907962,54.1038443012033,66.3407628202008,2.77884409919022,-3.71600306332783,29.9336992072495
"89",19.6211372166661,21.8297254554291,25541.4793449218,4,78.4057538271299,56.8256058734147,4.87710297159086,3.16299046116568,9.48674375622777,67.6000605522641
"90",17.3907997176086,20.1287185269608,5434.19351606377,1,72.6966700417015,50.1821445096513,71.5551748706061,2.93473927117046,13.2471869341231,203.848005994904
"91",24.6302356728118,27.2223185649978,21627.9248455627,2,100.779704962204,75.4684137326319,76.2588950443058,3.40798306669768,-8.1354021559665,93.3410958608173
"92",14.6879441419289,17.8892551975683,6172.34147499165,2,57.0447320608796,40.6205547268711,39.8095727939323,2.64295655775706,-0.891204357888645,0.00767977604167141
"93",22.7851693314898,25.0532218485219,6248.54621983545,3,87.2854538294218,66.4970063429222,1.51557849259392,3.21950552493968,-3.61866372844582,23.2553705904638
"94",24.5036529245609,28.2327886414131,17906.4943334808,3,99.4407905888361,73.8599837887611,3.76914998566745,3.30705507711453,-1.4815303510524,2.56805066699847
"95",24.9497284184409,28.2763770228747,17838.3264092615,2,96.8291111457049,74.5417504215551,74.2641598719059,3.11273543023975,-14.1803664810652,301.834746573851
"96",21.9180404378984,22.2101625504453,14784.0033256856,3,86.7081370867288,65.6027416364994,2.44309108006413,3.02485381439835,-11.1386857999971,82.4126708357208
"97",18.2670809315064,20.6749420210773,20484.648128059,2,69.7555492995117,57.2131321563933,57.2297031026572,2.92348081993769,-6.75521625245851,29.3980005473011
"98",17.2990537499779,20.8035974471352,14024.9822157321,4,68.4444444097655,51.2776651853846,4.46642342060985,2.67725508084361,3.93878562197314,24.966221441026
"99",19.0872220336662,20.5645249525288,17675.3325404009,4,75.7076404518007,58.314878206894,1.28101888048364,3.08947771107433,-5.79531920670247,92.9363820926137
"100",19.7035017500312,22.3446265524123,22776.6527904271,4,76.4822070806235,63.050676798283,1.56530211230024,2.63895263873421,1.66598996646167,4.223781957516
"101",10.0230651608808,12.5529387139412,1224.94182569693,1,42.8675634905881,28.7019505238034,42.4059766898459,2.64754834604048,-1.35807602579308,12.1249255901094
"102",25.6765564058549,29.1458787944655,25325.6215487959,4,100.783988518185,75.5811473278125,3.4917969608578,3.40323165053232,-13.5349591569057,172.737747245443
"103",23.3789728287691,24.9036326993289,24185.8122816311,4,94.7929656792239,71.1122965131122,4.3530453475603,3.13099905697552,20.4378453698137,394.498090924223
"104",21.0424163155364,23.1264616012326,8292.81726771054,1,89.2073178894884,61.8813901044145,89.6785284276632,3.12229161326768,-3.80268284469603,13.7807870068699
"105",19.7107717895747,23.1687468468564,10140.462249042,2,83.9372983897308,52.8675081402473,53.4380002014247,3.00062298731682,7.25128867969453,40.5236258115563
"106",24.469057070513,26.7565546102002,17112.3141064981,1,100.468165148825,69.5761785059801,101.51863655563,3.32964078696585,12.9294802133972,48.8888098174235
"107",18.8556730961221,21.477234767554,5073.5829975578,4,75.705686156477,58.6821932547263,3.86199059606801,2.80102555780083,13.0728201773719,140.255956158311
"108",10.1717367517973,15.1785976848774,2665.19797344428,4,41.6820324941619,32.7987002947807,1.60146327806502,2.03912610669146,-7.03566718737065,61.4866172752438
"109",16.2324477708822,18.6822794172297,8473.21047090371,3,65.0391573720802,48.6709561655677,3.15481097602841,2.90542454683339,10.6257856502686,64.6222726799429
"110",26.4007581222006,27.4199719560379,17748.4912260068,1,103.622616557622,81.4581463215887,104.17942726099,3.36668306171549,13.2867777223413,275.036319070274
"111",15.2354752012892,19.2700733320047,6370.90232371353,2,59.6153630176322,46.7792806064116,46.8144053840731,2.81543932481319,-9.46270302488059,105.133631316906
"112",28.1118969650469,30.267057248739,29792.0974767881,2,116.201066739316,84.0335038756605,83.8601591120191,3.25227664874461,20.8229764128324,396.410453645113
"113",33.0007101006122,34.9837609836372,33032.1829744115,2,133.319196164955,89.6806650617783,90.8803290005945,3.66635058051405,-6.57776161293556,39.6532321062184
"114",20.6982425256098,24.3729983545055,8967.19695125134,4,83.4553404103243,60.3211824459856,1.89126483665387,3.12395022465156,7.72393379086068,52.503658339183
"115",13.2464016343626,16.2131748583529,5846.75565348509,2,57.7538409768329,38.3208889974703,37.7326998115756,2.76462013321121,-21.1668331400287,340.319361093785
"116",23.9946550897395,29.2401464978988,11752.47737429,1,97.7200184144546,76.7113059292651,97.4628113169364,3.35628342695672,-5.45721107078357,12.7183566261588
"117",12.2250207977737,14.7708738552768,3800.28143079116,3,48.1301024021611,39.9208798846991,3.78759432130058,2.72682639434349,-4.72244940445974,28.3475647712139
"118",22.31860028397,25.5134748674469,13251.7453422073,1,88.1044622291697,65.3578931909681,88.0382276969788,2.97405839728529,-3.0555430774983,22.9799070900634
"119",20.262147822866,23.2936458959451,18049.0161479927,1,81.5205011691688,59.7376684837524,82.527987838015,3.08205139297146,2.72381535157629,38.2078417035464
"120",18.9898409963973,20.2005100072162,10425.5946529841,2,77.5428931076102,59.3101753018339,58.8919154715672,2.88148453079921,-4.3794383547214,7.20509073454088
"121",25.854282110035,28.7837911947008,15947.5722007313,1,100.968519012895,72.3205861426865,103.192052390186,3.12264828993088,7.13383406084316,26.9474251848122
"122",24.4242242778602,29.2283660328918,18339.058102181,1,91.5734135532021,71.2469397017854,90.6969314420518,3.25850785051259,-4.39832935156256,22.7161399615007
"123",13.4105569806141,16.8551941053431,4638.63482082534,2,53.8478345608045,37.5851042780121,34.9999917124615,2.65839304047429,14.9096177127449,206.931769784536
"124",11.7837453219746,13.5928052218928,2835.46605513326,2,49.7463694209198,36.9960555603261,37.9551274747487,2.35999129913637,-4.77461174955641,8.56621784926097
"125",25.296251936231,28.5444810390333,11120.6571107748,2,101.133722543512,76.8122033948945,76.570305446304,3.33622307961891,6.48756398666425,70.1510429320163
"126",21.4504179069437,24.3314397467544,12273.3551782143,2,85.6850480768914,65.3833552598095,66.8284947584078,3.08120413388952,-19.2197782781381,385.079628059373
"127",17.9998325055303,21.6868214857059,5202.98056885363,1,71.4104147579744,53.1035134482947,70.7542694973675,2.84254496916287,8.26029651086619,78.5855987399448
"128",26.2154788903234,27.8077010985454,29522.0658781823,3,107.49050165597,78.9920198264302,3.30321482475115,3.56162296930128,2.4267607126495,1.30592844601631
"129",13.1679474099731,16.7432694507573,7100.84458956561,4,52.6013449523173,42.1338901335972,2.94124686514831,2.63279140737213,7.01404486101259,36.9150877250982
"130",12.7929334909338,16.4306350212936,1600.28881298149,1,52.8027763399462,36.5366969480971,53.6104889957178,2.41364301368435,8.87870619161698,128.785634145975
"131",26.7427452751389,28.7946215890124,27773.2820457215,1,110.088158402343,79.8411864880024,110.238242348462,3.11542338493531,-0.896896568009992,2.07851534013472
"132",10.1073583015304,11.5918263299322,2261.75468840865,2,42.7955215284562,32.0483411757636,34.3241798148466,1.90929165992131,-1.07268745155181,2.41153786773559
"133",13.7952470797647,17.0617852682606,3376.97373912095,3,55.2622507924311,45.720149929967,2.81483956514861,2.86918468261531,8.3735151825773,91.1964696027215
"134",19.4798043609497,22.7713366213371,11875.9349457564,4,79.8619337659249,56.075690511742,3.23493961272731,2.78327216811251,4.76303934479639,38.5511820708936
"135",23.6648647932172,28.3737872316625,26380.8848952483,4,96.2085772182828,78.1803163242692,2.59817964591466,3.29834683061072,14.2713204777101,215.051029553059
"136",22.2783981162992,25.7550999639088,10380.0081625652,1,88.0572595100216,68.2233817771291,87.9887281449057,2.98473991082594,-16.3149647799169,372.406270535086
"137",21.4403977377148,25.7479495415074,13848.8179496211,3,86.9106409754677,62.5827209121779,4.32612428388996,2.97621948209218,7.89646236676797,26.2507160089934
"138",14.6315454466186,19.4375581324026,9224.00509723545,1,58.6305569502383,49.4199067737851,58.5483903888327,2.62016235895359,-14.5190804389521,131.970895228341
"139",23.2437126973185,27.2790986873807,10990.5440301596,3,93.9611936328558,70.8254007549581,3.43537817912989,2.95270633829999,-5.02022581497103,23.0634717086558
"140",21.4958113927527,25.0123296899442,16274.9294462911,1,86.4562931731521,66.8068856666376,87.0374096851911,3.01317943398925,7.42943992378706,71.570532859531
"141",16.0200250348184,18.6259215138849,6595.78652969082,2,65.336947869713,46.4254307052823,47.871318516494,2.9057276986322,-7.55720500635263,34.025259743453
"142",19.8532330142003,21.3429927843892,7688.73624265641,1,79.0256965073585,58.2894783912994,78.0057088244885,3.16506808665556,15.3183292841326,408.167335274911
"143",30.9011785059916,33.9071683425016,22467.5951678144,2,123.764958210092,94.1211457948763,92.6362731746716,3.74049062029991,3.49634772337964,28.1093383370005
"144",24.7870923431718,28.6420993343779,14731.2598566919,4,98.1923852703381,72.6874140634993,3.10177523323256,3.09050928370189,-7.8330632397224,48.9950194931803
"145",18.4747568255753,22.2046082781303,15815.2400679412,2,74.451354086534,51.9909273416593,53.1477035760504,2.76325335345811,-13.5588635312226,212.323638274733
"146",17.9079833055556,21.2567421782538,7661.6535957851,3,73.1787858976875,50.3560091944358,2.67129453479113,2.65546373156092,12.5589139805165,128.187177665814
"147",20.4997702450182,24.8611377148892,7529.57486117558,1,81.6879390346929,52.5694535734659,82.119292480132,2.9514346070475,-1.52657956906487,1.96690028477065
"148",18.8509519091911,21.5622897802424,10616.8892378823,2,72.1223899119472,59.0285577582907,61.7839543203329,3.01933815649323,-0.0378871665375695,35.4061919452249
"149",12.923925619086,17.8123292829025,695.858611508989,2,53.0452738140058,35.0988353144271,34.2015541578329,2.65481344128291,-10.413030616089,160.629245915263
"150",18.0370056884528,21.0196299187461,8961.82111846491,2,70.90647144347,53.6317295948224,54.6641809731185,3.21867947317828,-7.95321100845417,21.7442045358064
"151",24.730442749748,28.2715256620724,19256.4069497364,3,100.169947480494,78.6615973310729,3.50863053839327,3.25648969349362,0.968774668263166,0.00277193000069086
"152",23.7588543605669,26.2188132481203,12082.4853077915,4,98.888756274983,71.7874004104597,3.260949990298,3.29680210998291,-2.20363622787631,1.28810287169284
"153",17.4131157575547,20.332266361193,7349.74835718458,3,70.4855367187908,59.541856104352,4.10268695636342,3.02901210524779,-0.584188659221671,4.35354887346503
"154",24.0416798919728,27.0120459341408,11216.6413796093,3,97.6969783980932,76.7193765818433,2.97645996373241,3.123936125532,4.77687933325587,45.8099673609148
"155",16.9273238833382,19.7820733993841,9259.94853925717,4,71.2885192845459,53.5892680813986,2.9233458164491,2.88262613802505,-7.90867560167713,49.804365658256
"156",26.1912946413479,29.1804320458158,25866.8921792369,2,105.827880682187,77.618708809859,76.6333933936544,3.51916522444413,8.13556924243691,53.3668100299748
"157",18.3095242876474,19.9308055230337,10658.3383324185,2,72.377107514481,55.6001414165912,54.3237686920306,3.12643525962398,-13.9350383808602,301.094577384134
"158",25.981831815451,29.6533674920336,21612.1182541536,1,100.276942293396,78.4745913666004,100.711750661216,3.48856011075963,12.9824810176917,144.240138837245
"159",17.7834081068774,19.6292026536668,9618.59446321558,4,70.2610620074173,54.1142168595089,2.13277704011384,2.82339253012678,-10.0809355443231,147.08453782735
"160",20.9305744862515,24.3531722722759,8755.86407608095,3,85.1220742279951,62.6852230071026,4.46681132561586,3.11449064866272,-1.1140148524918,1.43600099144192
"161",6.89327593673706,9.50628621059012,2535.40969314589,4,32.0993544846415,20.228237107879,2.7214399752064,1.9403749257206,-10.8799308447441,164.257818658112
"162",31.231273099261,32.9907471143748,21382.5954882122,3,126.033024832621,93.5882955317079,4.80358864986342,3.68299474664558,13.4754632291345,245.487693287304
"163",20.4671584053791,23.9241205503874,12891.5581851442,4,82.5963883559776,68.1287825037639,3.28817222976304,3.06051842596,-8.488623669861,89.4679984160213
"164",28.1364004668297,29.7256071133321,25139.1631664281,1,112.861131177441,81.9724159818263,112.750969071208,3.22973626778049,-7.197976711836,129.047466245337
"165",17.4454122541744,22.3793197817863,10852.1407402729,4,73.2375937923987,54.8536118958749,3.41526264912978,2.70671640274971,5.38965006114821,31.5190126956852
"166",16.703095811688,20.272656465094,4723.46379733139,1,68.9102886821187,49.2660591986857,69.7805181350935,2.72849670764177,-14.6779428251615,241.302383806008
"167",19.7990491988103,23.7318289506256,10974.5728717705,4,78.4050552169148,61.0594731215077,3.71642794591279,2.94732745711574,19.8089002740331,474.850003576916
"168",19.4065299911531,20.8611826542108,4445.72618537962,2,81.3410568062687,55.2391457933995,54.4093810694358,2.77882126236207,-16.7953579462053,231.282416213792
"169",19.9017156773143,23.5033340636615,4055.83518069769,1,80.1173209775848,58.6529026767684,80.4611332668765,2.9581462395596,18.604402394266,319.403207875533
"170",17.5716075721043,19.6208414163541,5859.87262940903,4,66.4618921157326,46.9319480820738,3.35047508507092,2.86524625652826,0.825156559766993,0.82822390761367
"171",12.799262378631,17.1596283161878,707.209402345838,3,55.5264969594404,37.5222821114123,3.18536391613039,2.55028755729052,-16.2820091721208,259.34800490722
"172",20.7188443886963,23.4523207987045,13191.685109892,1,85.2391125379617,56.807432111525,85.0979344899546,3.0329433902183,3.11188221274208,6.49661322659952
"173",13.8270667286652,13.7921209581451,5515.54667324966,2,52.5466300157568,39.7660049591016,37.5565419811731,2.73447530911601,-7.03144085656582,20.1967215048216
"174",11.2374939503579,13.9986740360982,3712.01442833851,4,43.2638234050171,36.3956339055303,3.94197389866551,2.61104253521597,-9.51131525955095,65.2322781549346
"175",19.8225185647465,22.5503318461822,10282.4492957195,2,78.1289457113909,63.2846017105968,64.2674202500707,2.99496665643067,-3.45279134949057,55.5603291952627
"176",21.6601745430092,25.8505713462854,17195.5261344687,4,85.6326776902353,64.5121674543504,4.35867524907517,2.98830338136728,7.28514356059906,61.7533886894503
"177",27.8614412816412,30.9126373742448,36260.7349751179,3,113.494095158014,83.6216801517622,4.9305553892683,3.28290347189543,-11.5935363899075,237.378724477778
"178",14.6526471380334,17.9836951719837,4316.28727666738,1,58.4839067914338,48.9730957342277,58.3796936550803,2.59452142369802,2.26530492691693,1.36701372719808
"179",24.5814326180736,28.1130517154271,23814.1639936196,1,99.370691955502,77.559817528371,100.315722294652,3.05119202608565,5.63149481892796,3.52762532857834
"180",17.0250355185827,20.639066987378,7592.95233359932,1,71.3361070300187,56.5259246018818,71.2457268274757,2.86441158483847,-7.28902035189321,93.8094587721196
"181",30.9082333763931,33.9849492659512,46153.0530387872,4,121.818853726422,95.0441426549757,4.03575392805793,3.62666076956624,-9.53710153792955,69.2274473835922
"182",16.5811335685102,19.320254312082,2762.75034847314,3,64.7847570602413,52.2425468720165,2.49372086686868,3.22737794201374,-4.15798748371073,43.3044194909811
"183",23.7502960690074,25.8284256627379,16965.116827598,3,100.414450997249,72.097282955439,3.12379361835515,3.38314024427351,8.00734671068325,63.426058119238
"184",24.8719131692755,27.9895193286954,15820.3932449079,2,100.169770173631,76.6070279302587,78.1109563106325,2.99601554296583,-2.90525963159138,1.57864167112714
"185",13.6776326216936,14.539222403037,4327.87841723422,2,57.5963688483802,42.7232613362591,42.8089367311194,2.61404037278655,7.53926965688255,96.6077606117628
"186",18.6128928820772,21.2934732866928,10603.5155652596,3,72.6253678992646,55.987091207414,3.28343234994428,2.77226962884637,21.5181090110817,483.252023531372
"187",19.0530065261796,21.3123121132092,12248.378653835,3,75.1601880927641,57.9514813589064,3.61509644324429,3.02315529594223,5.25332009286991,61.6148024653503
"188",18.0798752696775,20.1540838424375,6330.5408195368,1,74.0612211776547,53.6085194883096,74.0768164333505,2.74985438441721,-4.1888702264573,3.52499866957719
"189",23.7029401158828,27.4608739047819,17130.2658029086,3,94.3048984556929,68.3120545183249,1.13418812514324,3.16441301407648,5.27156082683996,3.29865713003555
"190",14.1583080443941,17.5178683078565,5653.35006853734,1,55.5756600185102,45.3603030368881,55.3689350502787,2.48524137725683,12.216765870168,172.476059979299
"191",23.3376934906747,25.5084578155598,18784.4144999309,2,93.7634262025728,67.8416909630806,67.807759365157,3.15325624311239,3.75483138988203,50.8007303005146
"192",21.831184748245,24.3854326262354,15425.7244790254,3,87.2697200378026,64.9636529374152,2.03644052503048,3.22765625319085,-12.9615564502269,93.7885984430801
"193",17.4252850305469,19.7543729837015,5027.88160307817,4,70.0820272648211,48.272651840756,3.85214000799947,2.81261335604805,-6.2887646409629,46.2637814669869
"194",22.2528411996848,24.4519242973484,11736.6146739138,4,86.833494464108,68.9581699499704,2.34643338422868,3.33288811962595,-4.64297814267431,0.951844220732128
"195",19.061398101068,23.6723448004708,3847.07761883629,1,74.4741573688489,57.5398578006011,76.0281794721326,2.64683775006758,-12.4625867654284,183.443999884455
"196",26.695346874236,29.7138652084665,21474.4046914731,3,110.606846958341,81.8102735275627,4.27315106251376,3.31044726747837,-6.02133426532147,20.9989826381097
"197",24.0810959213897,25.99769658028,15124.9973773521,3,96.377834378042,68.0566740350751,2.06987941096932,3.03322046667144,-3.97179917204709,5.24478224751133
"198",20.4110088207372,24.7004585775528,15984.10843805,1,85.48483997949,63.1686594279232,84.8230980040977,2.94128298215717,3.35091951048712,25.2644672552899
"199",16.7456863928595,19.6017736571835,3074.97892052402,2,70.1878017344385,56.6530039279158,54.7919410321651,2.71656830031228,4.37860505224423,4.37719186234261
"200",23.6320450882061,24.3440362504449,25490.7792003832,3,90.9700387290989,68.0275805584379,2.33125077442877,3.26153661806463,3.77421190808221,0.895597606415168
"201",19.4316091137222,22.346892295258,8894.07498952843,1,80.1342282776691,60.8669003553613,80.2383214416564,3.07686943974326,3.10310453015055,4.70060308419996
"202",18.5244958672971,21.7235556938338,5622.26635613749,4,73.679347345067,62.6490626165123,1.55601779334038,3.0903109300495,1.61463680410018,6.88183168014237
"203",24.945842345679,29.1756681760753,30593.6235991257,3,99.7426480820515,73.4025726823172,3.00775060587628,2.88166972283955,5.33957312680563,7.15667568749854
"204",16.1243409705426,19.1288935011133,5913.2803110236,1,61.951721413808,44.8035993448489,61.0953107938169,2.63374345349966,-6.14330014911875,25.3311436901604
"205",21.3794913330843,23.0848836962974,10343.5590068486,1,87.8697488752224,64.917198696144,86.5394335304061,3.10918234471998,-7.17383418008374,103.399652735508
"206",22.0539082391841,24.6567468594775,18574.4801803508,3,91.3087298837183,66.8974300091479,4.08844713963317,3.20864327165996,-8.33708801439061,123.862105082333
"207",23.0559158193926,27.7953978074631,13910.9893100971,4,97.6027788900744,73.162671328329,3.83647713335892,3.21621945329964,-15.0436705388681,314.863155376562
"208",24.6828535994572,28.7058745543465,11187.4480474871,3,103.016802209593,70.0437666264149,2.30736262933434,3.28751889473006,0.117632089951663,0.121670075232069
"209",18.1622914830058,20.6347242307041,17066.2444800716,4,69.4170495163948,55.8127903105945,3.20212102917057,2.87515642033458,11.1536308434564,47.5173218325298
"210",23.7018837929873,27.5478799724387,17296.4973306867,2,94.7812387367458,72.1175095450008,72.4764414799316,3.25811421046929,-1.75155077077162,3.52024485416688
"211",26.0926652752875,29.9142146729186,22515.9649304406,3,103.052573528831,82.1746073659726,2.88199931488179,3.30212113559834,-4.31126894197465,8.94462318996261
"212",23.1456721706726,24.8099027838945,9604.85626197376,1,92.9257098929634,67.1401568443203,91.3281556123301,3.24573868417894,5.38772767303312,11.2449398126095
"213",22.6387315649144,26.6818496089713,9831.6071580803,3,92.6267336343742,68.9790185452917,2.4185397128786,3.15168268302407,-6.07323974843601,76.1426961930515
"214",17.6387234773085,19.5157325576355,7503.20576060451,4,66.8543884225778,49.4808581077682,2.70782656333743,2.89149909531429,0.102553308865428,8.60795068355777
"215",24.118575780842,27.8094990739088,13812.0861270661,3,97.0360711436441,71.3998228969375,2.96864772265636,3.2776202723208,5.4622444530891,16.4505642699159
"216",17.8610587731583,21.2296643450628,12060.8260555433,4,76.9381673794313,54.5671085414847,3.14268924228627,2.84116009386272,-4.95604672631907,10.4047819311235
"217",19.2867803632497,22.9352937249176,14767.1512852103,3,73.8566245905322,58.0810679113321,1.93349845245335,2.86454372593687,7.59649086003308,48.4259041885141
"218",27.0939152454877,29.6540849310883,29099.3696086607,3,109.74406569615,80.0774946982499,3.1982334942853,3.24039441033757,-0.373000297576159,13.0667092057736
"219",22.435669506443,24.5692486516673,24886.8817337073,3,90.9848713209323,68.4577998820779,3.57282572220495,3.12623873667346,-15.3113726146386,238.697136936814
"220",23.0172072553726,26.8825078580091,17161.1142956817,4,89.5414236532857,68.5835550175028,3.41421520197117,3.35380100334609,15.4648346255513,137.739294479773
"221",21.0541643941856,23.5443491912432,19356.2107519433,3,84.4820232239091,63.6016063102948,2.47466602961608,3.03415022408029,-10.2567566546618,114.980893068191
"222",19.8335039707868,22.0747276471577,16192.8054092814,2,81.0815225169199,55.6824737427317,55.0964815548778,3.01571427599346,-19.6060109091584,350.44371453456
"223",30.1259849465253,36.527856978195,51256.1275635297,2,119.764640648241,87.3565353545418,87.3749241957157,3.55560421770018,16.8059217751321,227.977503569371
"224",18.1460662514779,20.695650261526,10698.9560651872,4,72.1394594416901,53.6486995861592,3.77489359652898,2.90453679824591,2.922122862397,8.70326910653585
"225",12.1088277521619,16.8380258989122,1186.13250611534,4,51.222646285367,33.5448387519608,2.08153002170958,2.729364274218,-7.9606680348925,54.0256910524422
"226",19.3921402379839,21.6736519470951,13462.4288085604,4,76.5741436786485,61.799434291989,3.59662153547868,2.92017054926179,4.14439561650178,27.2072450938143
"227",11.0166159178229,14.5502355137392,4612.84545533568,1,45.4994824745186,31.9583623339422,46.0236976037529,2.50603680375554,5.42415397361994,60.2259788717885
"228",17.6220422845964,20.5518553528857,5819.84017574405,4,70.2078159647205,52.4901950700005,3.13712174652306,2.91566098661356,18.0569160347338,469.844934076005
"229",15.579488394105,17.0289248822529,9431.37762956408,2,62.2340183818678,40.9848286446001,40.4710159348092,2.68729446481685,-5.33304899868342,7.86369156641083
"230",2.50970508049401,5.78313260393418,22.9352972557798,2,8.41501206451925,10.6695333334022,9.30673491571851,1.11794586329847,16.5863871092894,353.257576807544
"231",18.0900831555114,22.9753181329767,10970.9569560883,3,74.152601439265,50.2247952155734,1.45879432094931,2.57127253296688,4.99301781050131,53.888975224296
"232",24.888440625032,28.7316396217122,36302.7600214943,2,95.8666128718683,70.9885934325263,70.8235138782108,3.13987095519215,10.9332223456864,179.386142515368
"233",17.2097952709015,20.544329190736,6817.67483333818,4,71.9045790163038,49.502520469618,5.03099940930611,2.88356671360625,22.0341918142395,559.529781155381
"234",16.8677242669728,19.8881097331881,3576.94486409004,3,66.1428454529095,49.5572684917494,1.95067585662638,2.73955127189448,6.22686595601965,50.5996897420843
"235",17.3477438731284,19.3404523348868,1534.14723426875,3,68.2144010588953,57.5787863115013,2.85947563840986,2.93751388582988,-0.352264971570477,1.90950332545408
"236",29.4881079343824,32.900801891464,35099.9842383648,2,118.025907287012,83.704648415897,84.9920465193761,3.39838727568462,12.7214858886845,123.804715143947
"237",26.9777033880966,29.2106710493479,25343.8172012174,3,110.092830565673,79.7580969332517,1.90961348851579,3.42871068901761,-15.5569725937403,172.706660553994
"238",16.2698706322624,20.1948625102291,7720.00337099998,1,65.5099316944268,43.6586947619587,66.3969967246003,3.06600277053906,3.20672438685917,17.0534280820032
"239",18.4721346202883,21.7812840677929,9425.07444895544,2,76.5260360225463,58.3862724576842,59.4611340055303,2.8101217690879,3.20314493343039,3.16831977937096
"240",25.8483908430833,30.8152362061995,21974.3874953694,1,104.374201436,77.3738123523095,105.098535395603,3.30679066108439,8.50663408280974,24.1963513653587
"241",21.5219358873721,23.5843980871941,12700.2221169673,1,86.1525865911425,61.0085149847766,86.3100523598594,3.04357663045746,-13.2300963569752,186.234135258136
"242",19.4125087495393,22.8329827254802,7095.26974133667,3,83.1129163187886,63.7862464515377,2.99512558695236,2.81665674052615,-4.39923512922542,0.0143766389824258
"243",19.6995723440387,22.1603701069302,17984.2093544193,1,78.9471671668259,63.7039776329629,77.474388163232,2.89294152461663,-11.2946223463688,148.156887198027
"244",27.3546947352037,31.2232886136793,23018.2804054655,1,110.562034899229,82.2029226471202,112.842024873121,3.66753922041216,2.36773922688306,4.76971765033559
"245",12.6092619651716,16.7594194845345,5061.99049321598,4,52.2354754657408,44.1129748527824,2.70687564872561,2.19981651696807,-7.12582178511292,107.014645845314
"246",16.5819352699315,19.5996312698834,5246.87943824392,1,64.1591440475989,49.4216943429567,65.7970604380737,2.60000831047707,5.87746382294226,117.716595709148
"247",22.3027029956456,24.3748586607465,10884.8796922493,2,86.269083012798,61.6084434290839,61.7639828294597,3.01536724987253,6.76864683055402,21.0512137812339
"248",19.0924903743365,21.5867584297986,3175.39508184507,4,72.4073768403101,60.394088318668,1.55399035566918,2.93581374078528,8.46674993789305,59.8565544491367
"249",14.2059184600655,18.431651639062,5679.57934163393,1,55.1469888661903,43.8737964016115,54.8713581750889,2.72865896428752,12.2210849621566,128.415525967754
"250",22.04509458794,26.2554723169778,15064.4995170364,1,89.4344654987115,62.9750925422098,88.4943521731436,3.09701390953928,-0.538536487746903,1.58444498555871
"251",18.7089647205233,20.0106910197279,9493.85040053955,3,79.2281997559786,53.7053670099337,4.6492331058522,3.1301058947403,14.9605132910791,263.814579383372
"252",18.6655028037733,21.7601991739674,14552.0059205405,2,75.4854883838203,62.1733208251822,63.2209899063778,2.8870471554231,4.92405163812829,6.34145313609034
"253",20.8207797818884,24.5829191219108,14369.1761955365,4,82.6518765559564,65.970003158575,3.13436493098589,2.91440219603709,-7.78952355389953,11.7337724163596
"254",18.032705263148,23.3999088517094,6973.86472741609,1,67.3386742371455,51.3092130659163,68.3681489136854,3.01167669446415,-0.0863989858370245,2.85550630946336
"255",10.7813137691647,13.7376109494618,1380.0988715451,2,39.0284190384416,32.1533710130105,31.7463655101202,2.35240630550655,0.231124533397447,4.67536624489128
"256",12.2885586663429,15.3556567113229,3624.73814165177,1,55.0339540794123,41.3304725854141,55.290988016896,2.54576719634618,-0.618091062593553,4.82320481067301
"257",17.0687982023437,20.2240951230578,11117.8900042416,1,70.8457178688722,48.2951639352758,71.3177344861121,2.72367592218422,-11.4357566946845,141.767818215071
"258",15.7393054533007,18.2064325673472,8319.4319131686,1,65.6341606777062,41.607315259436,65.342975066607,2.55770786491023,-5.95795692258612,64.6460912294593
"259",23.8916227764605,25.0626492324936,15809.8170721114,3,97.1219273462434,72.0930134628784,2.78063908247736,3.11853473146656,12.3510758435789,148.140623230455
"260",19.8484146280929,23.4489692545727,7204.8993669289,1,80.2411452477603,57.7519190445709,80.6827619033215,2.95298875458445,3.79159577869538,41.487171396784
"261",12.7217120903632,15.8070521736974,2433.44847005676,2,51.466387803014,35.2972834607999,34.3618461018035,2.45904225676047,-2.2672553954263,11.1842860388626
"262",20.4689246153211,23.0723510540156,12603.3242101935,2,78.1485127525727,57.3071350620981,57.2403275344689,3.10150999667269,10.6037847360785,156.888245312297
"263",24.9117461112855,26.29433179766,21608.3215605283,3,98.0243868551353,69.6346323517805,3.0705032751276,2.9996865355695,-1.09535018359309,2.65328182367058
"264",17.016449190982,19.9935439373917,10534.7397484669,2,65.2912483547795,48.8950581398483,48.8907082165692,2.89075814275057,-9.55039865974804,108.306081247775
"265",20.3740242532427,23.7803052778505,9013.84487695922,3,82.532604972429,65.5776273220039,3.27144949844658,3.20589922278146,14.1823444315644,271.742307230562
"266",30.9871471541128,34.4961930238551,35838.7994815487,1,124.58436612216,95.5534870503473,123.808273216023,3.45350168711503,1.67433133613889,6.10659274572031
"267",23.9751160610191,28.5617871379297,23972.0467993834,3,95.5602718891291,74.665329815643,2.8684134946508,3.11849490544987,-10.4544354511955,88.2588391853896
"268",17.3052889393938,21.3516007149173,9872.86096030578,4,69.4616281017025,51.0021632535293,2.54291099787357,2.51600603445626,-2.41798353991348,29.9378769739779
"269",11.9935841089054,13.9456458013295,1920.10003390482,4,49.5472418653342,36.6392009500831,2.95143364402668,2.54064791476494,-1.92812799750008,1.78066778763163
"270",16.3431321691136,18.5525316417862,5178.95019032795,2,65.8988770245523,51.9071391051193,51.4793418278472,2.82611402578476,19.3774810909811,551.105658043543
"271",18.2212960452691,21.6885942365559,4607.81531084955,1,69.3344138337594,54.2620714820017,67.4474500849049,2.8002700944454,3.74377822930159,13.5974142639069
"272",15.0729284092097,18.62675527044,6447.13778446091,4,61.7851601530105,44.3511636691735,2.85487748048217,2.59264157099352,7.5910849901455,45.5735608433881
"273",16.3441467831464,18.6631683776805,6295.30400091608,1,63.1266153571523,47.4506386295541,62.4030336648244,2.74633063520265,-10.1451883491108,65.4215159771983
"274",27.3266204169257,27.5316608139469,30991.1687076482,4,107.162913900396,84.902376742466,3.41430772856754,3.15731049283183,3.37114011161668,7.41182273880572
"275",29.2930765885378,31.2084904626033,38661.8970594613,1,117.769085633078,90.6599413259634,117.386864573203,3.35305249180572,-7.70995509441043,50.3963979612393
"276",20.0174851368993,22.3603873380371,8063.00150923514,2,79.5759848263036,59.6952144821113,60.6328004206133,2.75978895572978,6.12589870376967,28.6559350237476
"277",13.2811237755149,15.3118330275808,5423.29746761143,3,54.2130692764408,38.6849338501681,5.06982850294402,2.690682608451,-2.01836333633419,0.77068416597406
"278",20.7564701671364,24.1692333691089,18293.0521146436,4,80.7341028706426,63.1529198257865,3.25381638226678,2.9152455164448,-32.1002141594931,978.159484902067
"279",21.450045625622,23.5346353398686,4840.55128900591,4,86.4556381164295,61.0239539742871,2.15028254130428,2.90303755215126,19.1069865558929,343.685378842155
"280",19.3876083616837,21.9392923624742,9182.21378824765,4,77.4857509767021,56.0039241416845,3.94957197252126,2.94428954687912,3.48973591333474,32.303949542999
"281",20.6257719406574,22.8272699291021,12748.7478688285,3,79.970141201576,61.6598056240092,4.34066517905042,2.97448304704909,-6.63767236031184,95.4077701883855
"282",16.1378294301792,18.1205415741202,5363.81957460914,2,62.5030740220615,48.5624539149881,46.5024414195459,2.86681034798319,-9.88080405309947,113.382206375465
"283",14.9351693864123,18.950158308831,5692.10044592135,3,54.0789533201982,42.4848663856764,3.4189234882833,2.56204675640029,-10.4522917263797,229.173992644447
"284",24.8345980043797,27.1830903189988,20762.6506126027,3,98.1727459353345,76.29501996003,1.43150148012209,3.38353956568976,3.57058995608424,17.8148992029724
"285",17.8833634984499,20.9215793479456,5719.20483491322,2,73.5002886097951,53.9877041349353,53.5646440708559,2.77895371298449,-19.4520692099846,438.92422372573
"286",15.8420027261355,19.0260813929937,3341.8743626685,2,60.1745886583461,54.4171627357641,53.1481380019455,2.54913612155255,-7.03314700595498,122.808900897405
"287",26.999786334882,30.4515089212262,15855.3537577567,4,108.899351341167,84.9437740293835,3.17687404849639,3.45024304002437,-4.03430499930621,10.9922976203594
"288",20.0850697974368,23.392949862207,14093.9894685877,2,78.8415557166959,59.2757594853625,58.7504897576166,3.05986972830868,-6.93661042681217,57.3332304248322
"289",29.2374847669488,32.5223429999726,54136.4043313664,1,119.320255742477,86.7715666972927,117.927382510136,3.35378262718117,-1.06874950550552,0.112622000212121
"290",16.568303075238,20.2328541146901,6098.90477437038,1,66.9114741776899,51.6294584019409,68.9030817178351,3.02544025237529,-14.780286480129,268.028447615868
"291",18.9063798281151,21.5754050400171,7063.85723086534,3,75.852247802081,54.4138671385397,3.41719660756877,3.10181409290233,-0.46839979923409,4.17755196702947
"292",23.4129645313458,27.9045626647107,11825.0304353712,4,88.7865758109393,73.5971466274914,4.32547549111073,3.09061234769391,-13.1169954938345,101.494236107566
"293",22.6206501226972,25.7927403325565,21818.7428250199,3,86.722632443659,66.2270304451264,3.92485913383821,3.11668462853547,-23.7293012885919,864.740555367468
"294",20.4027498922466,23.5939101750556,7601.87425801551,4,79.5655259918126,62.406891807185,3.35062457300986,3.14762036522266,13.8621210687338,89.836613345973
"295",20.2689277120093,22.9893127039178,17466.2419963694,4,81.2007380449972,64.7704835318146,3.99701693706175,2.98819824883658,-4.6245713024115,15.0903399378889
"296",16.3137050594042,20.0887246214389,3277.42772247319,4,68.20978482455,48.376272329627,4.48164325470868,2.75392939267084,10.6369053641189,91.8405194887498
"297",24.8321903068827,27.4963450161838,14573.132889118,3,96.9693304299924,73.4896490731513,3.03537046189728,3.50839704933754,-6.70779758877782,60.5148637495352
"298",24.9215342566373,27.9110047631751,12195.2610481683,2,103.198366262037,79.0590961221113,80.4225087375459,3.3662349690411,-5.19952865140077,24.0021410340852
"299",20.9364547043427,23.7973197013579,9668.8996403632,4,84.5531703565459,60.8188114681552,3.61930490582736,3.03985070314327,3.59934199279849,16.4408664169712
"300",21.3649287666236,24.3114628192833,17479.6758079338,3,82.2576044845003,61.4290588663216,2.77691326650172,2.9671979529587,9.22068987569372,99.0290286889785
